1; Extension Fracture; 333.8321886416656; 90;;;;;;;;;;;;;;;;0.9750553333333334;-7.050973333333333;-0.08333333333333333;
2; Extension Fracture; 333.8512111340579; 90;;;;;;;;;;;;;;;;1.14439;-7.39574;0.08333333333333333;
3; Extension Fracture; 333.8321886416656; 90;;;;;;;;;;;;;;;;1.0174026666666667;-7.137156666666668;0.08333333333333333;
4; Extension Fracture; 333.8512111340579; 90;;;;;;;;;;;;;;;;1.1020699999999999;-7.30954;-0.08333333333333333;
5; Extension Fracture; 353.17827606602475; 90;;;;;;;;;;;;;;;;-0.22624299999999997;-2.69058;-0.08333333333333333;
6; Extension Fracture; 354.8766110035656; 90;;;;;;;;;;;;;;;;-0.19744899999999999;-2.95325;-0.08333333333333333;
7; Extension Fracture; 356.67720067470464; 90;;;;;;;;;;;;;;;;-0.17661433333333332;-3.2166266666666665;-0.08333333333333333;
8; Extension Fracture; 353.17827606602475; 90;;;;;;;;;;;;;;;;-0.21577799999999997;-2.77806;0.08333333333333333;
9; Extension Fracture; 356.67720067470464; 90;;;;;;;;;;;;;;;;-0.17150766666666664;-3.3045833333333334;0.08333333333333333;
10; Extension Fracture; 354.87661100356564; 90;;;;;;;;;;;;;;;;-0.18958499999999998;-3.04096;0.08333333333333333;
11; Extension Fracture; 350.6372846746804; 90;;;;;;;;;;;;;;;;-1.0029536666666667;1.8981666666666666;-0.08333333333333333;
12; Extension Fracture; 350.6372846746804; 90;;;;;;;;;;;;;;;;-0.9874873333333334;1.8043633333333333;0.08333333333333333;
13; Extension Fracture; 350.6512883192296; 90;;;;;;;;;;;;;;;;-1.0493066666666668;2.1795833333333334;-0.08333333333333333;
14; Extension Fracture; 350.6238757795457; 90;;;;;;;;;;;;;;;;-0.9410443333333334;1.52296;0.08333333333333333;
15; Extension Fracture; 350.6512883192296; 90;;;;;;;;;;;;;;;;-1.0338633333333334;2.085776666666667;0.08333333333333333;
16; Extension Fracture; 350.62387577954576; 90;;;;;;;;;;;;;;;;-0.9565326666666667;1.6167600000000002;-0.08333333333333333;
17; Extension Fracture; 332.17398089532423; 90;;;;;;;;;;;;;;;;0.5952646666666668;-7.070596666666667;0.08333333333333333;
18; Extension Fracture; 332.1579175765466; 90;;;;;;;;;;;;;;;;0.4448826666666667;-6.78575;0.08333333333333333;
19; Extension Fracture; 332.17398089532423; 90;;;;;;;;;;;;;;;;0.5451463333333334;-6.975643333333334;-0.08333333333333333;
20; Extension Fracture; 332.14118055775026; 90;;;;;;;;;;;;;;;;0.24424800000000002;-6.406023333333334;-0.08333333333333333;
21; Extension Fracture; 332.14118055775026; 90;;;;;;;;;;;;;;;;0.29442;-6.5009466666666675;0.08333333333333333;
22; Extension Fracture; 332.1579175765466; 90;;;;;;;;;;;;;;;;0.3947373333333334;-6.690810000000001;-0.08333333333333333;
23; Extension Fracture; 334.26186000646317; 90;;;;;;;;;;;;;;;;3.11256;-4.792816666666666;0.08333333333333333;
24; Extension Fracture; 334.27012321600455; 90;;;;;;;;;;;;;;;;3.00505;-4.56978;0.08333333333333333;
25; Extension Fracture; 334.27529703876667; 90;;;;;;;;;;;;;;;;2.8617433333333335;-4.2723733333333325;-0.08333333333333333;
26; Extension Fracture; 334.2752970387667; 90;;;;;;;;;;;;;;;;2.897566666666667;-4.346726666666666;0.08333333333333333;
27; Extension Fracture; 334.26186000646317; 90;;;;;;;;;;;;;;;;3.07672;-4.718473333333333;-0.08333333333333333;
28; Extension Fracture; 334.27012321600455; 90;;;;;;;;;;;;;;;;2.96922;-4.49543;-0.08333333333333333;
29; Extension Fracture; 337.8324697433885; 90;;;;;;;;;;;;;;;;-1.4592933333333333;-4.47288;0.08333333333333333;
30; Extension Fracture; 337.8324697433886; 90;;;;;;;;;;;;;;;;-1.5031166666666667;-4.3653200000000005;-0.08333333333333333;
31; Extension Fracture; 340.67225910668026; 90;;;;;;;;;;;;;;;;-1.024114;-6.116750000000001;0.08333333333333333;
32; Extension Fracture; 340.7313023076889; 90;;;;;;;;;;;;;;;;-1.10452;-5.887250000000001;0.08333333333333333;
33; Extension Fracture; 340.67225910668026; 90;;;;;;;;;;;;;;;;-1.0509419999999998;-6.04026;-0.08333333333333333;
34; Extension Fracture; 340.7313023076889; 90;;;;;;;;;;;;;;;;-1.13127;-5.81073;-0.08333333333333333;
35; Extension Fracture; 348.55939262103175; 90;;;;;;;;;;;;;;;;-0.5796476666666666;0.690959;0.08333333333333333;
36; Extension Fracture; 348.55962963783793; 90;;;;;;;;;;;;;;;;-0.6549896666666666;1.0632556666666666;-0.08333333333333333;
37; Extension Fracture; 346.93848027836077; 90;;;;;;;;;;;;;;;;-0.7167263333333334;1.34125;-0.08333333333333333;
38; Extension Fracture; 345.072728507082; 90;;;;;;;;;;;;;;;;-0.7626383333333333;1.5254666666666665;0.08333333333333333;
39; Extension Fracture; 345.07272850708193; 90;;;;;;;;;;;;;;;;-0.7870996666666666;1.6172233333333332;-0.08333333333333333;
40; Extension Fracture; 348.55962963783793; 90;;;;;;;;;;;;;;;;-0.6361543333333333;0.9701813333333333;0.08333333333333333;
41; Extension Fracture; 346.93848027836077; 90;;;;;;;;;;;;;;;;-0.6952756666666666;1.24879;0.08333333333333333;
42; Extension Fracture; 348.55939262103175; 90;;;;;;;;;;;;;;;;-0.5984833333333333;0.784033;-0.08333333333333333;
43; Extension Fracture; 13.427435402076398; 90;;;;;;;;;;;;;;;;4.214263333333333;-3.34276;0.08333333333333333;
44; Extension Fracture; 19.99698479227972; 90;;;;;;;;;;;;;;;;4.389663333333333;-2.7777433333333335;0.08333333333333333;
45; Extension Fracture; 13.425554402944357; 90;;;;;;;;;;;;;;;;4.1684;-3.5348800000000002;-0.08333333333333333;
46; Extension Fracture; 13.427435402076398; 90;;;;;;;;;;;;;;;;4.237196666666667;-3.2467000000000006;-0.08333333333333333;
47; Extension Fracture; 19.99698479227972; 90;;;;;;;;;;;;;;;;4.4234366666666665;-2.6849366666666667;-0.08333333333333333;
48; Extension Fracture; 18.87505069218068; 90;;;;;;;;;;;;;;;;4.29205;-3.0572766666666666;0.08333333333333333;
49; Extension Fracture; 18.875050692180707; 90;;;;;;;;;;;;;;;;4.32397;-2.9639133333333336;-0.08333333333333333;
50; Extension Fracture; 13.425554402944329; 90;;;;;;;;;;;;;;;;4.1454699999999995;-3.6309400000000003;0.08333333333333333;
51; Extension Fracture; 339.5650445855719; 90;;;;;;;;;;;;;;;;1.8988633333333333;-8.823746666666667;0.08333333333333333;
52; Extension Fracture; 336.8331994356581; 90;;;;;;;;;;;;;;;;1.7395566666666666;-8.425473333333334;-0.08333333333333333;
53; Extension Fracture; 339.5650445855719; 90;;;;;;;;;;;;;;;;1.8614166666666667;-8.723243333333333;-0.08333333333333333;
54; Extension Fracture; 336.8331994356581; 90;;;;;;;;;;;;;;;;1.7817633333333334;-8.524106666666666;0.08333333333333333;
55; Extension Fracture; 1.109802396331375; 90;;;;;;;;;;;;;;;;-0.7806976666666665;-1.8093966666666668;0.08333333333333333;
56; Extension Fracture; 8.426089401138057; 90;;;;;;;;;;;;;;;;-0.7346826666666667;-1.2332966666666667;-0.08333333333333333;
57; Extension Fracture; 1.109802396331375; 90;;;;;;;;;;;;;;;;-0.7790953333333333;-1.7266833333333333;-0.08333333333333333;
58; Extension Fracture; 4.298379985477482; 90;;;;;;;;;;;;;;;;-0.7651163333333334;-1.4793033333333332;-0.08333333333333333;
59; Extension Fracture; 4.298379985477382; 90;;;;;;;;;;;;;;;;-0.7713046666666667;-1.5616366666666666;0.08333333333333333;
60; Extension Fracture; 8.426089401138; 90;;;;;;;;;;;;;;;;-0.7468053333333333;-1.3151333333333333;0.08333333333333333;
61; Extension Fracture; 131.75259890106446; 90;;;;;;;;;;;;;;;;0.851894;3.5116966666666665;-0.08333333333333333;
62; Extension Fracture; 131.75104743657147; 90;;;;;;;;;;;;;;;;0.988922;3.3893866666666668;0.08333333333333333;
63; Extension Fracture; 147.47282257423677; 90;;;;;;;;;;;;;;;;0.5112760000000001;3.93857;-0.08333333333333333;
64; Extension Fracture; 131.7510474365715; 90;;;;;;;;;;;;;;;;1.057436;3.3282333333333334;-0.08333333333333333;
65; Extension Fracture; 145.82544126431128; 90;;;;;;;;;;;;;;;;0.6120593333333334;3.78543;0.08333333333333333;
66; Extension Fracture; 147.47282257423677; 90;;;;;;;;;;;;;;;;0.4618960000000001;4.016;0.08333333333333333;
67; Extension Fracture; 131.75259890106443; 90;;;;;;;;;;;;;;;;0.7833800000000001;3.5728533333333337;0.08333333333333333;
68; Extension Fracture; 145.82544126431128; 90;;;;;;;;;;;;;;;;0.6634626666666668;3.70972;-0.08333333333333333;
69; Extension Fracture; 348.31744555724845; 90;;;;;;;;;;;;;;;;3.66798;-3.2502899999999997;0.08333333333333333;
70; Extension Fracture; 339.76880661834076; 90;;;;;;;;;;;;;;;;3.731716666666667;-3.4732666666666665;-0.08333333333333333;
71; Extension Fracture; 339.7688066183408; 90;;;;;;;;;;;;;;;;3.7718833333333333;-3.5822533333333335;0.08333333333333333;
72; Extension Fracture; 348.31744555724845; 90;;;;;;;;;;;;;;;;3.6444099999999997;-3.1363000000000003;-0.08333333333333333;
73; Extension Fracture; 346.51342626639513; 90;;;;;;;;;;;;;;;;2.1179633333333334;4.497416666666667;-0.08333333333333333;
74; Extension Fracture; 346.5134262663951; 90;;;;;;;;;;;;;;;;2.1370666666666667;4.417763333333334;0.08333333333333333;
75; Extension Fracture; 346.4704403085777; 90;;;;;;;;;;;;;;;;2.0796966666666665;4.65671;0.08333333333333333;
76; Extension Fracture; 346.4704403085776; 90;;;;;;;;;;;;;;;;2.0605333333333333;4.73635;-0.08333333333333333;
77; Extension Fracture; 321.3049067977886; 90;;;;;;;;;;;;;;;;-1.9046466666666668;-1.8322866666666666;-0.08333333333333333;
78; Extension Fracture; 332.8983963637752; 90;;;;;;;;;;;;;;;;-2.0292066666666666;-1.62469;-0.08333333333333333;
79; Extension Fracture; 332.8983963637752; 90;;;;;;;;;;;;;;;;-1.9922933333333335;-1.69682;0.08333333333333333;
80; Extension Fracture; 321.3049067977886; 90;;;;;;;;;;;;;;;;-1.8539133333333333;-1.8956233333333334;0.08333333333333333;
81; Extension Fracture; 348.6988294061541; 90;;;;;;;;;;;;;;;;-1.8112333333333335;7.232653333333333;-0.08333333333333333;
82; Extension Fracture; 348.6988294061541; 90;;;;;;;;;;;;;;;;-1.795316666666667;7.153006666666667;0.08333333333333333;
83; Extension Fracture; 348.6988294061541; 90;;;;;;;;;;;;;;;;-1.7475666666666667;6.914066666666667;0.08333333333333333;
84; Extension Fracture; 348.6988294061541; 90;;;;;;;;;;;;;;;;-1.7634833333333333;6.993713333333334;-0.08333333333333333;
85; Extension Fracture; 353.9269210250654; 90;;;;;;;;;;;;;;;;1.0003733333333333;1.008064;0.08333333333333333;
86; Extension Fracture; 353.9269639648536; 90;;;;;;;;;;;;;;;;1.0302433333333334;0.7273136666666667;0.08333333333333333;
87; Extension Fracture; 353.9269639648536; 90;;;;;;;;;;;;;;;;1.0202866666666668;0.8208973333333334;-0.08333333333333333;
88; Extension Fracture; 353.9269210250654; 90;;;;;;;;;;;;;;;;0.9904166666666667;1.101647;-0.08333333333333333;
89; Extension Fracture; 156.2437370220234; 90;;;;;;;;;;;;;;;;-0.43171266666666663;1.0627653333333333;-0.08333333333333333;
90; Extension Fracture; 156.2437370220234; 90;;;;;;;;;;;;;;;;-0.47553633333333334;1.1623326666666667;0.08333333333333333;
91; Extension Fracture; 337.8299468330315; 90;;;;;;;;;;;;;;;;-2.161703333333333;-1.7686100000000002;-0.08333333333333333;
92; Extension Fracture; 327.5263244220558; 90;;;;;;;;;;;;;;;;-2.0246833333333334;-2.0545433333333336;-0.08333333333333333;
93; Extension Fracture; 327.5263244220558; 90;;;;;;;;;;;;;;;;-1.9676766666666667;-2.1441166666666667;0.08333333333333333;
94; Extension Fracture; 337.8299468330315; 90;;;;;;;;;;;;;;;;-2.121696666666667;-1.8667900000000004;0.08333333333333333;
95; Extension Fracture; 338.7657940879995; 90;;;;;;;;;;;;;;;;-2.2786166666666667;-1.4725033333333335;-0.08333333333333333;
96; Extension Fracture; 338.7657940879995; 90;;;;;;;;;;;;;;;;-2.2401633333333333;-1.5714666666666668;0.08333333333333333;
97; Extension Fracture; 342.826117369889; 90;;;;;;;;;;;;;;;;5.06025;-0.5653823333333333;0.08333333333333333;
98; Extension Fracture; 333.7330904033421; 90;;;;;;;;;;;;;;;;4.816746666666667;0.0016350666666666673;0.08333333333333333;
99; Extension Fracture; 333.73144660789603; 90;;;;;;;;;;;;;;;;4.908056666666667;-0.18337893333333335;-0.08333333333333333;
100; Extension Fracture; 333.7330904033421; 90;;;;;;;;;;;;;;;;4.771093333333333;0.09414203333333335;-0.08333333333333333;
101; Extension Fracture; 342.826117369889; 90;;;;;;;;;;;;;;;;5.02981;-0.4668876666666667;-0.08333333333333333;
102; Extension Fracture; 343.30621747208323; 90;;;;;;;;;;;;;;;;5.149956666666667;-0.861501;0.08333333333333333;
103; Extension Fracture; 343.30621747208323; 90;;;;;;;;;;;;;;;;5.120323333333333;-0.762689;-0.08333333333333333;
104; Extension Fracture; 333.73144660789603; 90;;;;;;;;;;;;;;;;4.953713333333334;-0.2758859666666667;0.08333333333333333;
105; Extension Fracture; 337.26700075904984; 90;;;;;;;;;;;;;;;;0.9209050000000001;-9.672123333333332;0.08333333333333333;
106; Extension Fracture; 337.2465827344722; 90;;;;;;;;;;;;;;;;0.7582096666666667;-9.284009999999999;-0.08333333333333333;
107; Extension Fracture; 337.24658273447227; 90;;;;;;;;;;;;;;;;0.7989003333333333;-9.381029999999999;0.08333333333333333;
108; Extension Fracture; 337.26700075904984; 90;;;;;;;;;;;;;;;;0.880248;-9.575086666666666;-0.08333333333333333;
109; Extension Fracture; 334.5054965206923; 90;;;;;;;;;;;;;;;;-1.4828933333333332;-5.277756666666667;0.08333333333333333;
110; Extension Fracture; 332.8349484870954; 90;;;;;;;;;;;;;;;;-1.7995700000000001;-4.6462666666666665;-0.08333333333333333;
111; Extension Fracture; 332.9635668766497; 90;;;;;;;;;;;;;;;;-1.6156566666666667;-5.005653333333333;0.08333333333333333;
112; Extension Fracture; 332.9635668766497; 90;;;;;;;;;;;;;;;;-1.6615333333333333;-4.915756666666667;-0.08333333333333333;
113; Extension Fracture; 332.83494848709546; 90;;;;;;;;;;;;;;;;-1.7534900000000002;-4.736063333333333;0.08333333333333333;
114; Extension Fracture; 334.5054965206923; 90;;;;;;;;;;;;;;;;-1.5263366666666665;-5.186653333333333;-0.08333333333333333;
115; Extension Fracture; 335.5786855936817; 90;;;;;;;;;;;;;;;;1.7842133333333332;-0.23608586666666667;0.08333333333333333;
116; Extension Fracture; 316.2799127731992; 90;;;;;;;;;;;;;;;;1.8837133333333331;-0.383433;-0.08333333333333333;
117; Extension Fracture; 316.27991277319927; 90;;;;;;;;;;;;;;;;1.9457766666666667;-0.44833300000000004;0.08333333333333333;
118; Extension Fracture; 335.5786855936817; 90;;;;;;;;;;;;;;;;1.7467766666666669;-0.15363873333333333;-0.08333333333333333;
119; Extension Fracture; 343.05232075293947; 90;;;;;;;;;;;;;;;;4.520883333333334;-11.476966666666668;-0.08333333333333333;
120; Extension Fracture; 343.0885897891155; 90;;;;;;;;;;;;;;;;4.4373000000000005;-11.202266666666667;-0.08333333333333333;
121; Extension Fracture; 343.0885897891155; 90;;;;;;;;;;;;;;;;4.46514;-11.293833333333334;0.08333333333333333;
122; Extension Fracture; 343.05232075293947; 90;;;;;;;;;;;;;;;;4.5487866666666665;-11.568533333333333;0.08333333333333333;
123; Extension Fracture; 146.59817196079183; 90;;;;;;;;;;;;;;;;-2.1123366666666668;-0.4186683333333333;-0.08333333333333333;
124; Extension Fracture; 146.59817196079183; 90;;;;;;;;;;;;;;;;-2.1701033333333335;-0.3310666666666666;0.08333333333333333;
125; Extension Fracture; 146.6282618011788; 90;;;;;;;;;;;;;;;;-1.93913;-0.681532;-0.08333333333333333;
126; Extension Fracture; 146.6282618011788; 90;;;;;;;;;;;;;;;;-1.99685;-0.593901;0.08333333333333333;
127; Extension Fracture; 343.7602822117718; 90;;;;;;;;;;;;;;;;1.3309733333333333;6.04589;-0.08333333333333333;
128; Extension Fracture; 343.72444940715417; 90;;;;;;;;;;;;;;;;1.2752266666666665;6.237053333333334;0.08333333333333333;
129; Extension Fracture; 343.7602822117718; 90;;;;;;;;;;;;;;;;1.3588166666666668;5.9503;0.08333333333333333;
130; Extension Fracture; 343.72444940715417; 90;;;;;;;;;;;;;;;;1.2473233333333331;6.332626666666667;-0.08333333333333333;
131; Extension Fracture; 316.92576473235545; 90;;;;;;;;;;;;;;;;0.5942116666666667;3.2103433333333333;0.08333333333333333;
132; Extension Fracture; 316.92576473235545; 90;;;;;;;;;;;;;;;;0.5364853333333334;3.2720866666666666;-0.08333333333333333;
133; Extension Fracture; 316.8957019113385; 90;;;;;;;;;;;;;;;;0.709697;3.086886666666667;-0.08333333333333333;
134; Extension Fracture; 316.8957019113385; 90;;;;;;;;;;;;;;;;0.7674559999999999;3.0251733333333335;0.08333333333333333;
135; Extension Fracture; 354.1240996935891; 90;;;;;;;;;;;;;;;;0.7694706666666666;0.4963226666666667;0.08333333333333333;
136; Extension Fracture; 354.124099693589; 90;;;;;;;;;;;;;;;;0.7614783333333333;0.5739823333333334;-0.08333333333333333;
137; Extension Fracture; 354.1238563443241; 90;;;;;;;;;;;;;;;;0.7375006666666667;0.8069613333333333;-0.08333333333333333;
138; Extension Fracture; 354.1238563443241; 90;;;;;;;;;;;;;;;;0.7454933333333333;0.7293016666666667;0.08333333333333333;
139; Extension Fracture; 346.44573350749397; 90;;;;;;;;;;;;;;;;1.307;1.5098500000000001;-0.08333333333333333;
140; Extension Fracture; 346.44573350749397; 90;;;;;;;;;;;;;;;;1.3348399999999998;1.39437;0.08333333333333333;
141; Extension Fracture; 332.4532377876764; 90;;;;;;;;;;;;;;;;1.43481;-9.040036666666666;0.08333333333333333;
142; Extension Fracture; 332.45323778767636; 90;;;;;;;;;;;;;;;;1.30311;-8.787546666666668;0.08333333333333333;
143; Extension Fracture; 332.4532377876764; 90;;;;;;;;;;;;;;;;1.39091;-8.955873333333333;-0.08333333333333333;
144; Extension Fracture; 332.45323778767636; 90;;;;;;;;;;;;;;;;1.25921;-8.703383333333335;-0.08333333333333333;
145; Extension Fracture; 334.2114912062911; 90;;;;;;;;;;;;;;;;0.9187193333333332;-8.024700000000001;0.08333333333333333;
146; Extension Fracture; 334.21149120629116; 90;;;;;;;;;;;;;;;;0.7535326666666666;-7.6828199999999995;-0.08333333333333333;
147; Extension Fracture; 334.2114912062911; 90;;;;;;;;;;;;;;;;0.8774226666666667;-7.93923;-0.08333333333333333;
148; Extension Fracture; 334.21149120629116; 90;;;;;;;;;;;;;;;;0.7948293333333334;-7.76829;0.08333333333333333;
149; Extension Fracture; 332.5207129202227; 90;;;;;;;;;;;;;;;;1.12771;-8.450793333333333;-0.08333333333333333;
150; Extension Fracture; 334.2107665671089; 90;;;;;;;;;;;;;;;;1.0426119999999999;-8.28111;0.08333333333333333;
151; Extension Fracture; 332.52071292022276; 90;;;;;;;;;;;;;;;;1.17151;-8.535006666666668;0.08333333333333333;
152; Extension Fracture; 334.2107665671089; 90;;;;;;;;;;;;;;;;1.0013139999999998;-8.195640000000001;-0.08333333333333333;
153; Extension Fracture; 346.7573335099681; 90;;;;;;;;;;;;;;;;2.5561166666666666;3.877486666666667;-0.08333333333333333;
154; Extension Fracture; 346.06330986386547; 90;;;;;;;;;;;;;;;;2.4909566666666665;4.144676666666667;-0.08333333333333333;
155; Extension Fracture; 346.7573335099681; 90;;;;;;;;;;;;;;;;2.577123333333333;3.7882233333333333;0.08333333333333333;
156; Extension Fracture; 346.06330986386547; 90;;;;;;;;;;;;;;;;2.5130333333333335;4.055713333333334;0.08333333333333333;
157; Extension Fracture; 341.55122068468864; 90;;;;;;;;;;;;;;;;2.3528000000000002;4.5816;0.08333333333333333;
158; Extension Fracture; 341.5512206846885; 90;;;;;;;;;;;;;;;;2.43986;4.32063;0.08333333333333333;
159; Extension Fracture; 341.5512206846885; 90;;;;;;;;;;;;;;;;2.41084;4.40762;-0.08333333333333333;
160; Extension Fracture; 341.55122068468864; 90;;;;;;;;;;;;;;;;2.32378;4.66859;-0.08333333333333333;
161; Extension Fracture; 338.2502998428653; 90;;;;;;;;;;;;;;;;1.0048483333333333;-8.717880000000001;0.08333333333333333;
162; Extension Fracture; 338.2881196640885; 90;;;;;;;;;;;;;;;;0.8970216666666666;-8.447433333333333;0.08333333333333333;
163; Extension Fracture; 338.2502998428653; 90;;;;;;;;;;;;;;;;0.9688866666666667;-8.62774;-0.08333333333333333;
164; Extension Fracture; 338.2881196640885; 90;;;;;;;;;;;;;;;;0.8611183333333333;-8.357266666666666;-0.08333333333333333;
165; Extension Fracture; 348.9827957698475; 90;;;;;;;;;;;;;;;;4.569836666666666;-1.3897266666666668;-0.08333333333333333;
166; Extension Fracture; 346.8848744210415; 90;;;;;;;;;;;;;;;;4.679303333333333;-1.9157700000000002;-0.08333333333333333;
167; Extension Fracture; 348.9827957698475; 90;;;;;;;;;;;;;;;;4.586953333333334;-1.4776433333333334;0.08333333333333333;
168; Extension Fracture; 348.20613442203137; 90;;;;;;;;;;;;;;;;4.640676666666667;-1.74088;0.08333333333333333;
169; Extension Fracture; 346.8848744210415; 90;;;;;;;;;;;;;;;;4.699626666666667;-2.003;0.08333333333333333;
170; Extension Fracture; 348.20613442203137; 90;;;;;;;;;;;;;;;;4.622373333333334;-1.6532200000000001;-0.08333333333333333;
171; Extension Fracture; 342.4858271799606; 90;;;;;;;;;;;;;;;;0.7016653333333333;-2.14729;0.08333333333333333;
172; Extension Fracture; 342.48582717996067; 90;;;;;;;;;;;;;;;;0.6675426666666666;-2.03916;-0.08333333333333333;
173; Extension Fracture; 339.5426367117588; 90;;;;;;;;;;;;;;;;0.5541546666666667;-1.7185433333333333;-0.08333333333333333;
174; Extension Fracture; 339.54263671175886; 90;;;;;;;;;;;;;;;;0.5937873333333333;-1.8247866666666666;0.08333333333333333;
175; Extension Fracture; 342.6554600225551; 90;;;;;;;;;;;;;;;;0.7695933333333334;-2.36366;-0.08333333333333333;
176; Extension Fracture; 342.6554600225551; 90;;;;;;;;;;;;;;;;0.8033986666666666;-2.4719;0.08333333333333333;
177; Extension Fracture; 348.5027361150511; 90;;;;;;;;;;;;;;;;-2.3687533333333333;7.638896666666666;-0.08333333333333333;
178; Extension Fracture; 348.4636150681194; 90;;;;;;;;;;;;;;;;-2.4284266666666667;7.93159;-0.08333333333333333;
179; Extension Fracture; 348.5027361150511; 90;;;;;;;;;;;;;;;;-2.3489066666666667;7.541323333333333;0.08333333333333333;
180; Extension Fracture; 348.46361506811945; 90;;;;;;;;;;;;;;;;-2.408513333333333;7.834029999999999;0.08333333333333333;
181; Extension Fracture; 357.3274231589348; 90;;;;;;;;;;;;;;;;-0.9152613333333333;7.59108;-0.08333333333333333;
182; Extension Fracture; 357.37315531758065; 90;;;;;;;;;;;;;;;;-0.9231863333333332;7.762323333333333;0.08333333333333333;
183; Extension Fracture; 357.37315531758065; 90;;;;;;;;;;;;;;;;-0.9271146666666665;7.847946666666667;-0.08333333333333333;
184; Extension Fracture; 357.3274231589348; 90;;;;;;;;;;;;;;;;-0.9112646666666666;7.50546;0.08333333333333333;
185; Extension Fracture; 8.007613616835584; 90;;;;;;;;;;;;;;;;-1.8285833333333334;-2.897796666666667;-0.08333333333333333;
186; Extension Fracture; 8.007613616835584; 90;;;;;;;;;;;;;;;;-1.8398566666666665;-2.9779333333333335;0.08333333333333333;
187; Extension Fracture; 11.864584592788873; 90;;;;;;;;;;;;;;;;-1.7840433333333334;-2.6593133333333334;-0.08333333333333333;
188; Extension Fracture; 11.864584592788873; 90;;;;;;;;;;;;;;;;-1.800676666666667;-2.7384866666666667;0.08333333333333333;
189; Extension Fracture; 328.94388278305064; 90;;;;;;;;;;;;;;;;-1.3123166666666668;-0.2765728666666667;0.08333333333333333;
190; Extension Fracture; 328.9438827830507; 90;;;;;;;;;;;;;;;;-1.3828933333333335;-0.15937373333333332;-0.08333333333333333;
191; Extension Fracture; 334.97414429343326; 90;;;;;;;;;;;;;;;;-1.792123333333333;-8.944933333333333;-0.08333333333333333;
192; Extension Fracture; 335.0096136439464; 90;;;;;;;;;;;;;;;;-1.8694066666666664;-8.77926;0.08333333333333333;
193; Extension Fracture; 334.97414429343326; 90;;;;;;;;;;;;;;;;-1.7534566666666667;-9.027756666666667;0.08333333333333333;
194; Extension Fracture; 335.0096136439464; 90;;;;;;;;;;;;;;;;-1.9080233333333334;-8.69641;-0.08333333333333333;
195; Extension Fracture; 347.60106164281353; 90;;;;;;;;;;;;;;;;-2.1079133333333333;7.624936666666667;-0.08333333333333333;
196; Extension Fracture; 347.60106164281353; 90;;;;;;;;;;;;;;;;-2.0899666666666668;7.543303333333332;0.08333333333333333;
197; Extension Fracture; 347.6459155615815; 90;;;;;;;;;;;;;;;;-2.0541366666666665;7.38002;-0.08333333333333333;
198; Extension Fracture; 347.64591556158155; 90;;;;;;;;;;;;;;;;-2.0362533333333332;7.29837;0.08333333333333333;
199; Extension Fracture; 333.6012925194604; 90;;;;;;;;;;;;;;;;-1.46688;-8.640623333333332;0.08333333333333333;
200; Extension Fracture; 333.6012925194604; 90;;;;;;;;;;;;;;;;-1.50569;-8.562436666666667;-0.08333333333333333;
201; Extension Fracture; 333.35177679939204; 90;;;;;;;;;;;;;;;;-1.7011000000000003;-8.172183333333333;0.08333333333333333;
202; Extension Fracture; 333.35177679939204; 90;;;;;;;;;;;;;;;;-1.74025;-8.094166666666666;-0.08333333333333333;
203; Extension Fracture; 333.35177679939204; 90;;;;;;;;;;;;;;;;-1.58365;-8.406233333333333;0.08333333333333333;
204; Extension Fracture; 333.35177679939204; 90;;;;;;;;;;;;;;;;-1.6228000000000002;-8.328216666666666;-0.08333333333333333;
205; Extension Fracture; 344.1144430115381; 90;;;;;;;;;;;;;;;;3.69691;-2.0344933333333333;-0.08333333333333333;
206; Extension Fracture; 344.1144430115382; 90;;;;;;;;;;;;;;;;3.72523;-2.1340066666666666;0.08333333333333333;
207; Extension Fracture; 338.05416526300695; 90;;;;;;;;;;;;;;;;3.8771366666666665;-2.62795;-0.08333333333333333;
208; Extension Fracture; 338.05416526300695; 90;;;;;;;;;;;;;;;;3.915773333333333;-2.7238399999999996;0.08333333333333333;
209; Extension Fracture; 337.17977714346483; 90;;;;;;;;;;;;;;;;3.994536666666667;-2.915093333333333;-0.08333333333333333;
210; Extension Fracture; 344.116218438518; 90;;;;;;;;;;;;;;;;3.7818666666666667;-2.3330333333333333;-0.08333333333333333;
211; Extension Fracture; 337.17977714346483; 90;;;;;;;;;;;;;;;;4.0346633333333335;-3.0104566666666663;0.08333333333333333;
212; Extension Fracture; 344.116218438518; 90;;;;;;;;;;;;;;;;3.810183333333333;-2.4325466666666666;0.08333333333333333;
213; Extension Fracture; 356.55156921057306; 90;;;;;;;;;;;;;;;;-0.5270416666666666;7.13786;0.08333333333333333;
214; Extension Fracture; 354.38112603569857; 90;;;;;;;;;;;;;;;;-0.5061996666666666;6.894526666666668;0.08333333333333333;
215; Extension Fracture; 356.551569210573; 90;;;;;;;;;;;;;;;;-0.5319383333333333;7.21912;-0.08333333333333333;
216; Extension Fracture; 354.3811260356987; 90;;;;;;;;;;;;;;;;-0.5141723333333333;6.975563333333334;-0.08333333333333333;
217; Extension Fracture; 355.5856469671164; 90;;;;;;;;;;;;;;;;3.86013;-12.9209;-0.08333333333333333;
218; Extension Fracture; 347.6003816800084; 90;;;;;;;;;;;;;;;;3.9560199999999996;-13.571933333333334;-0.08333333333333333;
219; Extension Fracture; 5.599611402711574; 90;;;;;;;;;;;;;;;;3.8623933333333333;-12.702633333333335;0.08333333333333333;
220; Extension Fracture; 347.6003816800084; 90;;;;;;;;;;;;;;;;3.97964;-13.679366666666667;0.08333333333333333;
221; Extension Fracture; 5.599611402711645; 90;;;;;;;;;;;;;;;;3.8730866666666666;-12.593566666666668;-0.08333333333333333;
222; Extension Fracture; 350.3303801385973; 90;;;;;;;;;;;;;;;;3.91393;-13.3561;0.08333333333333333;
223; Extension Fracture; 355.5856469671165; 90;;;;;;;;;;;;;;;;3.8685599999999996;-13.0301;0.08333333333333333;
224; Extension Fracture; 350.3303801385973; 90;;;;;;;;;;;;;;;;3.89546;-13.2477;-0.08333333333333333;
225; Extension Fracture; 9.310392079291788; 90;;;;;;;;;;;;;;;;-1.4594966666666667;-2.120886666666667;0.08333333333333333;
226; Extension Fracture; 9.31231256188022; 90;;;;;;;;;;;;;;;;-1.5391533333333332;-2.606673333333333;0.08333333333333333;
227; Extension Fracture; 9.312689241442143; 90;;;;;;;;;;;;;;;;-1.4993233333333333;-2.3637766666666664;0.08333333333333333;
228; Extension Fracture; 9.312689241442143; 90;;;;;;;;;;;;;;;;-1.4860466666666667;-2.2828133333333334;-0.08333333333333333;
229; Extension Fracture; 9.310392079291788; 90;;;;;;;;;;;;;;;;-1.4462233333333332;-2.0399233333333333;-0.08333333333333333;
230; Extension Fracture; 9.31231256188022; 90;;;;;;;;;;;;;;;;-1.5258766666666665;-2.5257066666666663;-0.08333333333333333;
231; Extension Fracture; 339.7599362348758; 90;;;;;;;;;;;;;;;;4.08284;-11.417233333333334;0.08333333333333333;
232; Extension Fracture; 339.75993623487574; 90;;;;;;;;;;;;;;;;4.05494;-11.341566666666667;-0.08333333333333333;
233; Extension Fracture; 339.7977186407749; 90;;;;;;;;;;;;;;;;4.166426666666666;-11.644233333333334;0.08333333333333333;
234; Extension Fracture; 339.7977186407749; 90;;;;;;;;;;;;;;;;4.138583333333333;-11.568566666666667;-0.08333333333333333;
235; Extension Fracture; 349.8384098300749; 90;;;;;;;;;;;;;;;;-0.36205466666666664;-3.3552333333333335;0.08333333333333333;
236; Extension Fracture; 349.8384098300749; 90;;;;;;;;;;;;;;;;-0.3814743333333333;-3.2468866666666667;-0.08333333333333333;
237; Extension Fracture; 348.02574930101684; 90;;;;;;;;;;;;;;;;-0.296943;-3.6790200000000004;0.08333333333333333;
238; Extension Fracture; 348.02574930101684; 90;;;;;;;;;;;;;;;;-0.319789;-3.5713;-0.08333333333333333;
239; Extension Fracture; 325.89767496132043; 90;;;;;;;;;;;;;;;;1.8646566666666664;0.1279418;0.08333333333333333;
240; Extension Fracture; 325.90172135709435; 90;;;;;;;;;;;;;;;;1.94824;0.004491133333333341;-0.08333333333333333;
241; Extension Fracture; 325.89767496132043; 90;;;;;;;;;;;;;;;;1.8228633333333333;0.1896649;-0.08333333333333333;
242; Extension Fracture; 325.90172135709435; 90;;;;;;;;;;;;;;;;1.99003;-0.05723643333333332;0.08333333333333333;
243; Extension Fracture; 348.84551940211253; 90;;;;;;;;;;;;;;;;3.4681200000000003;-3.7413066666666666;-0.08333333333333333;
244; Extension Fracture; 352.15955669568086; 90;;;;;;;;;;;;;;;;3.4199566666666668;-3.435243333333333;-0.08333333333333333;
245; Extension Fracture; 343.35948581224466; 90;;;;;;;;;;;;;;;;3.5376333333333334;-4.04274;-0.08333333333333333;
246; Extension Fracture; 343.3594858122446; 90;;;;;;;;;;;;;;;;3.5672466666666667;-4.14182;0.08333333333333333;
247; Extension Fracture; 352.159556695681; 90;;;;;;;;;;;;;;;;3.4340633333333335;-3.5376866666666666;0.08333333333333333;
248; Extension Fracture; 348.8455194021125; 90;;;;;;;;;;;;;;;;3.4880700000000004;-3.842483333333333;0.08333333333333333;
249; Extension Fracture; 347.0332232843405; 90;;;;;;;;;;;;;;;;-1.3313466666666667;7.091283333333333;-0.08333333333333333;
250; Extension Fracture; 346.9867037069605; 90;;;;;;;;;;;;;;;;-1.2776333333333332;6.858296666666667;-0.08333333333333333;
251; Extension Fracture; 347.0332232843405; 90;;;;;;;;;;;;;;;;-1.3134633333333332;7.0136166666666675;0.08333333333333333;
252; Extension Fracture; 346.9867037069605; 90;;;;;;;;;;;;;;;;-1.2596866666666666;6.780643333333334;0.08333333333333333;
253; Extension Fracture; 343.0955529351929; 90;;;;;;;;;;;;;;;;1.3348399999999998;6.412276666666667;0.08333333333333333;
254; Extension Fracture; 343.05639093816245; 90;;;;;;;;;;;;;;;;1.2233533333333333;6.77867;-0.08333333333333333;
255; Extension Fracture; 343.09555293519287; 90;;;;;;;;;;;;;;;;1.307;6.5038833333333335;-0.08333333333333333;
256; Extension Fracture; 343.05639093816245; 90;;;;;;;;;;;;;;;;1.2512566666666667;6.68708;0.08333333333333333;
257; Extension Fracture; 337.8882597843246; 90;;;;;;;;;;;;;;;;4.434520000000001;-11.9123;-0.08333333333333333;
258; Extension Fracture; 337.88825978432465; 90;;;;;;;;;;;;;;;;4.483560000000001;-12.033000000000001;0.08333333333333333;
259; Extension Fracture; 327.25731693389196; 90;;;;;;;;;;;;;;;;-1.6941466666666665;-8.756246666666668;0.08333333333333333;
260; Extension Fracture; 340.20620089430827; 90;;;;;;;;;;;;;;;;-1.8756733333333333;-8.38832;-0.08333333333333333;
261; Extension Fracture; 340.20620089430827; 90;;;;;;;;;;;;;;;;-1.8406766666666665;-8.48556;0.08333333333333333;
262; Extension Fracture; 327.25731693389196; 90;;;;;;;;;;;;;;;;-1.7499133333333332;-8.669523333333334;-0.08333333333333333;
263; Extension Fracture; 351.6333829259181; 90;;;;;;;;;;;;;;;;1.1676033333333333;1.2629513333333333;-0.08333333333333333;
264; Extension Fracture; 351.6333829259181; 90;;;;;;;;;;;;;;;;1.1875166666666666;1.1275526666666666;0.08333333333333333;
265; Extension Fracture; 351.0490942177403; 90;;;;;;;;;;;;;;;;3.8991066666666665;-1.0526233333333332;-0.08333333333333333;
266; Extension Fracture; 351.04924504129536; 90;;;;;;;;;;;;;;;;3.9604133333333333;-1.4418599999999997;0.08333333333333333;
267; Extension Fracture; 345.82268748490725; 90;;;;;;;;;;;;;;;;4.086633333333333;-2.0186933333333332;0.08333333333333333;
268; Extension Fracture; 351.0490942177403; 90;;;;;;;;;;;;;;;;3.914433333333333;-1.1499316666666666;0.08333333333333333;
269; Extension Fracture; 351.0492450412953; 90;;;;;;;;;;;;;;;;3.9450866666666666;-1.34455;-0.08333333333333333;
270; Extension Fracture; 347.7503151093941; 90;;;;;;;;;;;;;;;;4.0175;-1.73151;0.08333333333333333;
271; Extension Fracture; 345.82268748490725; 90;;;;;;;;;;;;;;;;4.062506666666667;-1.9231866666666666;-0.08333333333333333;
272; Extension Fracture; 347.750315109394; 90;;;;;;;;;;;;;;;;3.99662;-1.6353399999999998;-0.08333333333333333;
273; Extension Fracture; 344.8015346862833; 90;;;;;;;;;;;;;;;;3.5057;-2.2990266666666668;0.08333333333333333;
274; Extension Fracture; 340.8764409344942; 90;;;;;;;;;;;;;;;;3.6082133333333335;-2.6180266666666667;0.08333333333333333;
275; Extension Fracture; 344.8015346862833; 90;;;;;;;;;;;;;;;;3.4764;-2.1911733333333334;-0.08333333333333333;
276; Extension Fracture; 340.87644093449416; 90;;;;;;;;;;;;;;;;3.571606666666667;-2.512453333333333;-0.08333333333333333;
277; Extension Fracture; 327.01582138647154; 90;;;;;;;;;;;;;;;;1.6016966666666668;0.2971896666666667;-0.08333333333333333;
278; Extension Fracture; 327.01582138647154; 90;;;;;;;;;;;;;;;;1.6495033333333335;0.22352933333333333;0.08333333333333333;
279; Extension Fracture; 327.0471381556324; 90;;;;;;;;;;;;;;;;1.7928433333333333;0.0024952666666666692;0.08333333333333333;
280; Extension Fracture; 327.0471381556324; 90;;;;;;;;;;;;;;;;1.7450766666666668;0.07618213333333333;-0.08333333333333333;
281; Extension Fracture; 319.55197230749764; 90;;;;;;;;;;;;;;;;-0.8612663333333332;0.09771566666666666;0.08333333333333333;
282; Extension Fracture; 319.55197230749764; 90;;;;;;;;;;;;;;;;-0.9079236666666666;0.1524448333333333;-0.08333333333333333;
283; Extension Fracture; 319.59926522667104; 90;;;;;;;;;;;;;;;;-1.001194;0.26194266666666666;0.08333333333333333;
284; Extension Fracture; 319.59926522667104; 90;;;;;;;;;;;;;;;;-1.047807;0.3167113333333333;-0.08333333333333333;
285; Extension Fracture; 339.56774742894095; 90;;;;;;;;;;;;;;;;2.0039866666666666;6.456060000000001;-0.08333333333333333;
286; Extension Fracture; 339.60469688226857; 90;;;;;;;;;;;;;;;;1.94025;6.627316666666667;0.08333333333333333;
287; Extension Fracture; 339.56774742894095; 90;;;;;;;;;;;;;;;;2.0358833333333335;6.37044;0.08333333333333333;
288; Extension Fracture; 339.60469688226857; 90;;;;;;;;;;;;;;;;1.90841;6.712953333333333;-0.08333333333333333;
289; Extension Fracture; 333.84590422065344; 90;;;;;;;;;;;;;;;;-1.6529366666666665;-0.8527256666666667;0.08333333333333333;
290; Extension Fracture; 333.84590422065344; 90;;;;;;;;;;;;;;;;-1.6922933333333332;-0.7725803333333333;-0.08333333333333333;
291; Extension Fracture; 327.28392328308536; 90;;;;;;;;;;;;;;;;-1.56529;-1.008044;-0.08333333333333333;
292; Extension Fracture; 327.28392328308536; 90;;;;;;;;;;;;;;;;-1.5170000000000001;-1.083217;0.08333333333333333;
293; Extension Fracture; 352.73959832000384; 90;;;;;;;;;;;;;;;;1.0083666666666666;7.869863333333334;0.08333333333333333;
294; Extension Fracture; 352.73959832000384; 90;;;;;;;;;;;;;;;;0.9944133333333334;7.979386666666667;-0.08333333333333333;
295; Extension Fracture; 352.7395983200038; 90;;;;;;;;;;;;;;;;1.0502266666666666;7.541293333333334;0.08333333333333333;
296; Extension Fracture; 352.73959832000384; 90;;;;;;;;;;;;;;;;1.0362733333333334;7.6508166666666675;-0.08333333333333333;
297; Extension Fracture; 327.9263844313988; 90;;;;;;;;;;;;;;;;-1.77923;-1.6440733333333335;0.08333333333333333;
298; Extension Fracture; 312.81185390369967; 90;;;;;;;;;;;;;;;;-2.4483433333333333;-0.814225;0.08333333333333333;
299; Extension Fracture; 320.84189838296913; 90;;;;;;;;;;;;;;;;-2.0732333333333335;-1.1955600000000002;0.08333333333333333;
300; Extension Fracture; 312.81185390369967; 90;;;;;;;;;;;;;;;;-2.514076666666667;-0.75333;-0.08333333333333333;
301; Extension Fracture; 327.9263844313988; 90;;;;;;;;;;;;;;;;-1.82681;-1.5681466666666668;-0.08333333333333333;
302; Extension Fracture; 312.8125206346769; 90;;;;;;;;;;;;;;;;-2.2511500000000004;-0.9969066666666667;0.08333333333333333;
303; Extension Fracture; 327.9245783343431; 90;;;;;;;;;;;;;;;;-1.9219733333333333;-1.4162933333333334;0.08333333333333333;
304; Extension Fracture; 327.9245783343431; 90;;;;;;;;;;;;;;;;-1.9695566666666666;-1.3403666666666667;-0.08333333333333333;
305; Extension Fracture; 312.8125206346769; 90;;;;;;;;;;;;;;;;-2.3168800000000003;-0.9360133333333334;-0.08333333333333333;
306; Extension Fracture; 320.84189838296913; 90;;;;;;;;;;;;;;;;-2.1293266666666666;-1.1266800000000001;-0.08333333333333333;
307; Extension Fracture; 328.6482055811048; 90;;;;;;;;;;;;;;;;-1.3203033333333334;-0.5831473333333334;0.08333333333333333;
308; Extension Fracture; 328.6482055811048; 90;;;;;;;;;;;;;;;;-1.3868866666666668;-0.4738596666666667;-0.08333333333333333;
309; Extension Fracture; 353.3392318671308; 90;;;;;;;;;;;;;;;;0.6138873333333332;8.139003333333333;0.08333333333333333;
310; Extension Fracture; 353.3066940805586; 90;;;;;;;;;;;;;;;;0.6554749999999999;7.784046666666667;0.08333333333333333;
311; Extension Fracture; 353.3066940805586; 90;;;;;;;;;;;;;;;;0.6415899999999999;7.902363333333334;-0.08333333333333333;
312; Extension Fracture; 353.33923186713076; 90;;;;;;;;;;;;;;;;0.6000696666666666;8.257326666666668;-0.08333333333333333;
313; Extension Fracture; 341.9594622259022; 90;;;;;;;;;;;;;;;;1.80288;5.432573333333333;0.08333333333333333;
314; Extension Fracture; 342.0048918383306; 90;;;;;;;;;;;;;;;;1.7251233333333333;5.671523333333333;0.08333333333333333;
315; Extension Fracture; 341.9594622259022; 90;;;;;;;;;;;;;;;;1.77694;5.512216666666666;-0.08333333333333333;
316; Extension Fracture; 342.0048918383306; 90;;;;;;;;;;;;;;;;1.6992466666666668;5.7511866666666664;-0.08333333333333333;
317; Extension Fracture; 10.402462145331967; 90;;;;;;;;;;;;;;;;-0.961114;-1.37915;-0.08333333333333333;
318; Extension Fracture; 10.400213424076227; 90;;;;;;;;;;;;;;;;-0.9166143333333332;-1.1367133333333335;-0.08333333333333333;
319; Extension Fracture; 10.400213424076227; 90;;;;;;;;;;;;;;;;-0.9314466666666665;-1.2175266666666666;0.08333333333333333;
320; Extension Fracture; 10.402462145331967; 90;;;;;;;;;;;;;;;;-0.975949;-1.45996;0.08333333333333333;
321; Extension Fracture; 358.7290829919532; 90;;;;;;;;;;;;;;;;-0.7414576666666667;6.456836666666667;0.08333333333333333;
322; Extension Fracture; 358.7290829919532; 90;;;;;;;;;;;;;;;;-0.7430833333333333;6.530113333333333;-0.08333333333333333;
323; Extension Fracture; 358.7822278131214; 90;;;;;;;;;;;;;;;;-0.7478243333333333;6.749943333333333;-0.08333333333333333;
324; Extension Fracture; 358.78222781312166; 90;;;;;;;;;;;;;;;;-0.7462666666666666;6.676666666666667;0.08333333333333333;
325; Extension Fracture; 347.9475384378734; 90;;;;;;;;;;;;;;;;1.5635733333333333;5.24406;0.08333333333333333;
326; Extension Fracture; 347.94287528537177; 90;;;;;;;;;;;;;;;;1.6137666666666668;5.00904;0.08333333333333333;
327; Extension Fracture; 347.94287528537177; 90;;;;;;;;;;;;;;;;1.5970333333333335;5.08738;-0.08333333333333333;
328; Extension Fracture; 347.94753843787333; 90;;;;;;;;;;;;;;;;1.5468466666666667;5.3224;-0.08333333333333333;
329; Extension Fracture; 355.1608921970643; 90;;;;;;;;;;;;;;;;-0.146487;-3.71312;-0.08333333333333333;
330; Extension Fracture; 355.1608921970644; 90;;;;;;;;;;;;;;;;-0.13856200000000002;-3.80673;0.08333333333333333;
331; Extension Fracture; 355.119802373555; 90;;;;;;;;;;;;;;;;-0.11465233333333333;-4.087553333333333;0.08333333333333333;
332; Extension Fracture; 355.119802373555; 90;;;;;;;;;;;;;;;;-0.12264466666666668;-3.9939466666666665;-0.08333333333333333;
333; Extension Fracture; 1.1019016839224633; 90;;;;;;;;;;;;;;;;-0.681955;7.202053333333334;-0.08333333333333333;
334; Extension Fracture; 354.98890490000946; 90;;;;;;;;;;;;;;;;-0.6777233333333333;6.943193333333333;-0.08333333333333333;
335; Extension Fracture; 1.1019016839224633; 90;;;;;;;;;;;;;;;;-0.683616;7.115696666666667;0.08333333333333333;
336; Extension Fracture; 354.9889049000094; 90;;;;;;;;;;;;;;;;-0.6701696666666667;6.857046666666667;0.08333333333333333;
337; Extension Fracture; 336.4433784851195; 90;;;;;;;;;;;;;;;;2.1090366666666664;-3.0052466666666664;-0.08333333333333333;
338; Extension Fracture; 336.41253624878664; 90;;;;;;;;;;;;;;;;2.252366666666666;-3.3338333333333336;-0.08333333333333333;
339; Extension Fracture; 336.41253624878664; 90;;;;;;;;;;;;;;;;2.300183333333333;-3.4433466666666668;0.08333333333333333;
340; Extension Fracture; 336.4433784851195; 90;;;;;;;;;;;;;;;;2.156793333333333;-3.1147833333333335;0.08333333333333333;
341; Extension Fracture; 346.48812045672446; 90;;;;;;;;;;;;;;;;0.7415793333333334;-2.7554366666666663;0.08333333333333333;
342; Extension Fracture; 346.49646544311975; 90;;;;;;;;;;;;;;;;0.8133016666666667;-3.0540366666666667;0.08333333333333333;
343; Extension Fracture; 346.48812045672446; 90;;;;;;;;;;;;;;;;0.7176616666666666;-2.655903333333333;-0.08333333333333333;
344; Extension Fracture; 346.49646544311975; 90;;;;;;;;;;;;;;;;0.7893993333333333;-2.9545033333333333;-0.08333333333333333;
345; Extension Fracture; 355.2277390776611; 90;;;;;;;;;;;;;;;;-0.8572839999999999;-3.193233333333333;-0.08333333333333333;
346; Extension Fracture; 355.2228442192461; 90;;;;;;;;;;;;;;;;-0.838999;-3.41218;-0.08333333333333333;
347; Extension Fracture; 355.2228442192461; 90;;;;;;;;;;;;;;;;-0.8329000000000001;-3.4851600000000005;0.08333333333333333;
348; Extension Fracture; 355.227739077661; 90;;;;;;;;;;;;;;;;-0.851191;-3.2662166666666668;0.08333333333333333;
349; Extension Fracture; 161.90882806569869; 90;;;;;;;;;;;;;;;;4.278083333333333;-2.4956733333333334;-0.08333333333333333;
350; Extension Fracture; 167.8744007082576; 90;;;;;;;;;;;;;;;;4.19857;-2.201033333333333;0.08333333333333333;
351; Extension Fracture; 167.8744007082576; 90;;;;;;;;;;;;;;;;4.214650000000001;-2.2758766666666665;-0.08333333333333333;
352; Extension Fracture; 161.9088280656987; 90;;;;;;;;;;;;;;;;4.254406666666667;-2.4231966666666667;0.08333333333333333;
353; Extension Fracture; 351.97663077438426; 90;;;;;;;;;;;;;;;;-1.10742;1.4493333333333334;-0.08333333333333333;
354; Extension Fracture; 351.9361044999722; 90;;;;;;;;;;;;;;;;-1.1339066666666666;1.6367599999999998;0.08333333333333333;
355; Extension Fracture; 351.9361044999722; 90;;;;;;;;;;;;;;;;-1.1471833333333334;1.73047;-0.08333333333333333;
356; Extension Fracture; 351.9766307743842; 90;;;;;;;;;;;;;;;;-1.0942100000000001;1.3556166666666667;0.08333333333333333;
357; Extension Fracture; 325.2895367662768; 90;;;;;;;;;;;;;;;;1.5778699999999999;-0.2902211333333333;0.08333333333333333;
358; Extension Fracture; 325.2895367662768; 90;;;;;;;;;;;;;;;;1.5061399999999998;-0.18667026666666667;-0.08333333333333333;
359; Extension Fracture; 356.9582148765047; 90;;;;;;;;;;;;;;;;-1.0402333333333333;7.42938;0.08333333333333333;
360; Extension Fracture; 354.54715518045134; 90;;;;;;;;;;;;;;;;-1.0166633333333333;7.139556666666667;0.08333333333333333;
361; Extension Fracture; 356.9582148765047; 90;;;;;;;;;;;;;;;;-1.0453766666666666;7.52617;-0.08333333333333333;
362; Extension Fracture; 354.5471551804512; 90;;;;;;;;;;;;;;;;-1.0258766666666665;7.236073333333334;-0.08333333333333333;
363; Extension Fracture; 348.2490895160307; 90;;;;;;;;;;;;;;;;3.9963033333333335;-4.31022;-0.08333333333333333;
364; Extension Fracture; 354.2365366276097; 90;;;;;;;;;;;;;;;;3.9644000000000004;-4.103093333333333;0.08333333333333333;
365; Extension Fracture; 354.23653662760967; 90;;;;;;;;;;;;;;;;3.95386;-3.9986666666666664;-0.08333333333333333;
366; Extension Fracture; 348.2490895160307; 90;;;;;;;;;;;;;;;;4.017666666666667;-4.412920000000001;0.08333333333333333;
367; Extension Fracture; 168.07053110100253; 90;;;;;;;;;;;;;;;;-0.6588196666666667;1.9110333333333336;0.08333333333333333;
368; Extension Fracture; 168.06856895569518; 90;;;;;;;;;;;;;;;;-0.7025753333333333;2.1181233333333336;-0.08333333333333333;
369; Extension Fracture; 168.06856895569518; 90;;;;;;;;;;;;;;;;-0.7244546666666667;2.2216666666666667;0.08333333333333333;
370; Extension Fracture; 168.07053110100253; 90;;;;;;;;;;;;;;;;-0.6369433333333333;1.8074866666666667;-0.08333333333333333;
371; Extension Fracture; 341.45085701393316; 90;;;;;;;;;;;;;;;;-1.85534;-9.167343333333333;0.08333333333333333;
372; Extension Fracture; 341.45085701393316; 90;;;;;;;;;;;;;;;;-1.8908399999999999;-9.061546666666667;-0.08333333333333333;
373; Extension Fracture; 341.900053428658; 90;;;;;;;;;;;;;;;;-1.96101;-8.849676666666667;0.08333333333333333;
374; Extension Fracture; 341.900053428658; 90;;;;;;;;;;;;;;;;-1.99568;-8.743603333333333;-0.08333333333333333;
375; Extension Fracture; 345.0586331506014; 90;;;;;;;;;;;;;;;;-2.5679499999999997;6.959860000000001;0.08333333333333333;
376; Extension Fracture; 345.0586331506014; 90;;;;;;;;;;;;;;;;-2.5918599999999996;7.04946;-0.08333333333333333;
377; Extension Fracture; 345.1010854544375; 90;;;;;;;;;;;;;;;;-2.639613333333333;7.228676666666667;0.08333333333333333;
378; Extension Fracture; 345.1010854544375; 90;;;;;;;;;;;;;;;;-2.663456666666667;7.318293333333333;-0.08333333333333333;
379; Extension Fracture; 343.057717801457; 90;;;;;;;;;;;;;;;;2.04773;6.014033333333334;-0.08333333333333333;
380; Extension Fracture; 343.0930642755761; 90;;;;;;;;;;;;;;;;2.1592166666666666;5.647653333333333;0.08333333333333333;
381; Extension Fracture; 343.057717801457; 90;;;;;;;;;;;;;;;;2.07563;5.9224466666666675;0.08333333333333333;
382; Extension Fracture; 343.0930642755761; 90;;;;;;;;;;;;;;;;2.1313733333333333;5.739256666666667;-0.08333333333333333;
383; Extension Fracture; 357.9464683441138; 90;;;;;;;;;;;;;;;;0.8686690000000001;8.437326666666667;0.08333333333333333;
384; Extension Fracture; 2.0534056139496073; 90;;;;;;;;;;;;;;;;0.868669;8.871406666666665;-0.08333333333333333;
385; Extension Fracture; 2.0534056139496073; 90;;;;;;;;;;;;;;;;0.864778;8.762883333333333;0.08333333333333333;
386; Extension Fracture; 357.9464683441138; 90;;;;;;;;;;;;;;;;0.864778;8.545843333333334;-0.08333333333333333;
387; Extension Fracture; 347.4805024388021; 90;;;;;;;;;;;;;;;;2.768553333333333;3.57279;0.08333333333333333;
388; Extension Fracture; 347.4805024388021; 90;;;;;;;;;;;;;;;;2.7526366666666666;3.64447;-0.08333333333333333;
389; Extension Fracture; 347.4810662526058; 90;;;;;;;;;;;;;;;;2.7048866666666664;3.859516666666667;-0.08333333333333333;
390; Extension Fracture; 347.4810662526058; 90;;;;;;;;;;;;;;;;2.7208033333333335;3.7878333333333334;0.08333333333333333;
391; Extension Fracture; 18.441270141678615; 90;;;;;;;;;;;;;;;;-1.1183233333333333;-0.9552866666666666;-0.08333333333333333;
392; Extension Fracture; 18.44127014167863; 90;;;;;;;;;;;;;;;;-1.1621466666666667;-1.0867083333333332;0.08333333333333333;
393; Extension Fracture; 340.7090648443167; 90;;;;;;;;;;;;;;;;-1.2267333333333332;-4.85537;-0.08333333333333333;
394; Extension Fracture; 340.26648185244426; 90;;;;;;;;;;;;;;;;-1.0912666666666666;-5.237656666666667;0.08333333333333333;
395; Extension Fracture; 340.26648185244426; 90;;;;;;;;;;;;;;;;-1.1255033333333333;-5.142213333333333;-0.08333333333333333;
396; Extension Fracture; 340.70906484431663; 90;;;;;;;;;;;;;;;;-1.1932366666666665;-4.95107;0.08333333333333333;
397; Extension Fracture; 345.96262810707094; 90;;;;;;;;;;;;;;;;-1.6200933333333332;7.296386666666667;0.08333333333333333;
398; Extension Fracture; 345.96262810707094; 90;;;;;;;;;;;;;;;;-1.6400066666666668;7.376033333333334;-0.08333333333333333;
399; Extension Fracture; 345.96262810707094; 90;;;;;;;;;;;;;;;;-1.5603533333333335;7.057446666666667;0.08333333333333333;
400; Extension Fracture; 345.96262810707094; 90;;;;;;;;;;;;;;;;-1.5802666666666667;7.1370933333333335;-0.08333333333333333;
401; Extension Fracture; 143.67382037938143; 90;;;;;;;;;;;;;;;;-1.7938533333333333;-1.1554366666666667;-0.08333333333333333;
402; Extension Fracture; 143.65561601968056; 90;;;;;;;;;;;;;;;;-1.6444866666666664;-1.35849;-0.08333333333333333;
403; Extension Fracture; 143.65561601968056; 90;;;;;;;;;;;;;;;;-1.6942833333333334;-1.29081;0.08333333333333333;
404; Extension Fracture; 143.67382037938143; 90;;;;;;;;;;;;;;;;-1.8436266666666665;-1.0877433333333333;0.08333333333333333;
405; Extension Fracture; 327.01570298356023; 90;;;;;;;;;;;;;;;;1.7570333333333332;-0.762153;0.08333333333333333;
406; Extension Fracture; 327.01570298356023; 90;;;;;;;;;;;;;;;;1.7092266666666667;-0.688493;-0.08333333333333333;
407; Extension Fracture; 327.0490104912196; 90;;;;;;;;;;;;;;;;1.6136566666666665;-0.5411459999999999;0.08333333333333333;
408; Extension Fracture; 327.0490104912196; 90;;;;;;;;;;;;;;;;1.5658933333333334;-0.46745899999999996;-0.08333333333333333;
409; Extension Fracture; 313.67857665354967; 90;;;;;;;;;;;;;;;;0.7455603333333334;2.9156699999999995;-0.08333333333333333;
410; Extension Fracture; 313.67857665354967; 90;;;;;;;;;;;;;;;;0.8331396666666666;2.8320399999999997;0.08333333333333333;
411; Extension Fracture; 350.20051334702094; 90;;;;;;;;;;;;;;;;4.318359999999999;0.32086233333333336;0.08333333333333333;
412; Extension Fracture; 350.20055633464824; 90;;;;;;;;;;;;;;;;4.2668800000000005;0.6189163333333334;-0.08333333333333333;
413; Extension Fracture; 350.2005563346482; 90;;;;;;;;;;;;;;;;4.27975;0.5444026666666667;0.08333333333333333;
414; Extension Fracture; 350.20051334702094; 90;;;;;;;;;;;;;;;;4.30549;0.3953756666666667;-0.08333333333333333;
415; Extension Fracture; 352.3476620746242; 90;;;;;;;;;;;;;;;;2.9892833333333337;-2.454416666666667;-0.08333333333333333;
416; Extension Fracture; 349.6239219804486; 90;;;;;;;;;;;;;;;;3.10074;-3.1605800000000004;0.08333333333333333;
417; Extension Fracture; 351.09076031400764; 90;;;;;;;;;;;;;;;;3.0481233333333337;-2.8587033333333336;0.08333333333333333;
418; Extension Fracture; 351.0907603140077; 90;;;;;;;;;;;;;;;;3.032306666666667;-2.7578066666666667;-0.08333333333333333;
419; Extension Fracture; 352.3476620746243; 90;;;;;;;;;;;;;;;;3.002886666666667;-2.5556633333333334;0.08333333333333333;
420; Extension Fracture; 349.6239219804486; 90;;;;;;;;;;;;;;;;3.08234;-3.06009;-0.08333333333333333;
421; Extension Fracture; 344.2717815389984; 90;;;;;;;;;;;;;;;;2.0955633333333332;-8.58969;-0.08333333333333333;
422; Extension Fracture; 344.2142454298005; 90;;;;;;;;;;;;;;;;2.02979;-8.356733333333333;-0.08333333333333333;
423; Extension Fracture; 344.2142454298005; 90;;;;;;;;;;;;;;;;2.05174;-8.434376666666665;0.08333333333333333;
424; Extension Fracture; 344.2717815389984; 90;;;;;;;;;;;;;;;;2.1174366666666664;-8.66736;0.08333333333333333;
425; Extension Fracture; 341.9487345149847; 90;;;;;;;;;;;;;;;;1.42655;-8.531926666666667;-0.08333333333333333;
426; Extension Fracture; 341.9863064886936; 90;;;;;;;;;;;;;;;;1.5380366666666667;-8.874386666666666;0.08333333333333333;
427; Extension Fracture; 341.9863064886936; 90;;;;;;;;;;;;;;;;1.5101933333333335;-8.788763333333332;-0.08333333333333333;
428; Extension Fracture; 341.9487345149847; 90;;;;;;;;;;;;;;;;1.45445;-8.617533333333332;0.08333333333333333;
429; Extension Fracture; 337.8049602948056; 90;;;;;;;;;;;;;;;;4.249903333333333;-11.2434;-0.08333333333333333;
430; Extension Fracture; 337.78169609587957; 90;;;;;;;;;;;;;;;;4.1543866666666664;-11.009466666666667;-0.08333333333333333;
431; Extension Fracture; 337.8049602948056; 90;;;;;;;;;;;;;;;;4.281726666666667;-11.321399999999999;0.08333333333333333;
432; Extension Fracture; 337.78169609587957; 90;;;;;;;;;;;;;;;;4.186233333333333;-11.087433333333333;0.08333333333333333;
433; Extension Fracture; 339.6054253445965; 90;;;;;;;;;;;;;;;;1.40258;6.91405;0.08333333333333333;
434; Extension Fracture; 339.5650588780438; 90;;;;;;;;;;;;;;;;1.46632;6.742793333333333;-0.08333333333333333;
435; Extension Fracture; 339.5650588780438; 90;;;;;;;;;;;;;;;;1.4982199999999999;6.6571766666666665;0.08333333333333333;
436; Extension Fracture; 339.6054253445965; 90;;;;;;;;;;;;;;;;1.37074;6.999689999999999;-0.08333333333333333;
437; Extension Fracture; 333.86096562730756; 90;;;;;;;;;;;;;;;;-0.9731713333333334;-5.672306666666667;0.08333333333333333;
438; Extension Fracture; 333.86096562730756; 90;;;;;;;;;;;;;;;;-1.0270856666666668;-5.562443333333333;-0.08333333333333333;
439; Extension Fracture; 338.9407846408128; 90;;;;;;;;;;;;;;;;2.4638;-4.238533333333333;-0.08333333333333333;
440; Extension Fracture; 338.95318702536247; 90;;;;;;;;;;;;;;;;2.3939000000000004;-4.05694;0.08333333333333333;
441; Extension Fracture; 338.95318702536247; 90;;;;;;;;;;;;;;;;2.35896;-3.9661399999999998;-0.08333333333333333;
442; Extension Fracture; 338.9407846408128; 90;;;;;;;;;;;;;;;;2.4987600000000003;-4.329326666666666;0.08333333333333333;
443; Extension Fracture; 185.80503263591788; 90;;;;;;;;;;;;;;;;-1.1269266666666666;-2.7796166666666666;0.08333333333333333;
444; Extension Fracture; 185.80503263591794; 90;;;;;;;;;;;;;;;;-1.1411533333333335;-2.9195533333333334;-0.08333333333333333;
445; Extension Fracture; 141.06145449519562; 90;;;;;;;;;;;;;;;;0.826582;3.8000499999999997;0.08333333333333333;
446; Extension Fracture; 141.06145449519562; 90;;;;;;;;;;;;;;;;0.886908;3.72539;-0.08333333333333333;
447; Extension Fracture; 144.51842030477746; 90;;;;;;;;;;;;;;;;0.7102506666666667;3.95328;-0.08333333333333333;
448; Extension Fracture; 131.15851606877035; 90;;;;;;;;;;;;;;;;1.0925246666666668;3.5237233333333333;-0.08333333333333333;
449; Extension Fracture; 144.51842030477746; 90;;;;;;;;;;;;;;;;0.6542453333333333;4.03185;0.08333333333333333;
450; Extension Fracture; 131.15851606877035; 90;;;;;;;;;;;;;;;;1.0198793333333334;3.5872266666666666;0.08333333333333333;
451; Extension Fracture; 352.07265786939234; 90;;;;;;;;;;;;;;;;1.5062066666666665;1.7587666666666668;0.08333333333333333;
452; Extension Fracture; 352.03017082296566; 90;;;;;;;;;;;;;;;;1.4583866666666665;2.101253333333333;-0.08333333333333333;
453; Extension Fracture; 352.0726578693923; 90;;;;;;;;;;;;;;;;1.4942833333333332;1.8443933333333336;-0.08333333333333333;
454; Extension Fracture; 352.03017082296566; 90;;;;;;;;;;;;;;;;1.470373333333333;2.0156366666666665;0.08333333333333333;
455; Extension Fracture; 335.2009916997732; 90;;;;;;;;;;;;;;;;-0.45325199999999993;-4.5116266666666665;-0.08333333333333333;
456; Extension Fracture; 335.2009916997732; 90;;;;;;;;;;;;;;;;-0.40543199999999996;-4.615123333333333;0.08333333333333333;
457; Extension Fracture; 323.0120751773533; 90;;;;;;;;;;;;;;;;1.8637833333333336;0.455899;-0.08333333333333333;
458; Extension Fracture; 322.07477239329285; 90;;;;;;;;;;;;;;;;2.07811;0.17455853333333332;-0.08333333333333333;
459; Extension Fracture; 322.07477239329285; 90;;;;;;;;;;;;;;;;2.15057;0.08156406666666666;0.08333333333333333;
460; Extension Fracture; 323.0120751773533; 90;;;;;;;;;;;;;;;;1.934716666666667;0.361726;0.08333333333333333;
